{
  "project_info": {
    "project_number": "1055452181161",
    "project_id": "log-pro-92462",
    "storage_bucket": "log-pro-92462.appspot.com"
  },
  "client": [
    {
      "client_info": {
        "mobilesdk_app_id": "1:1055452181161:android:8be0d58e6f040581eeefb8",
        "android_client_info": {
          "package_name": "com.hadimusthafa.log_pro"
        }
      },
      "oauth_client": [
        {
          "client_id": "1055452181161-lqtctbn42v0spq04ge7nnsekb2kvms5h.apps.googleusercontent.com",
          "client_type": 3
        }
      ],
      "api_key": [
        {
          "current_key": "AIzaSyBShZPdDXLbKMSFnsypQIJeR_tCj5t_G2s"
        }
      ],
      "services": {
        "appinvite_service": {
          "other_platform_oauth_client": [
            {
              "client_id": "1055452181161-lqtctbn42v0spq04ge7nnsekb2kvms5h.apps.googleusercontent.com",
              "client_type": 3
            }
          ]
        }
      }
    }
  ],
  "configuration_version": "1"
}